"Key","SourceString","Comment"
"Common.On","On","A toggle setting's value"
"Common.Off","Off","A toggle setting's value"
"Common.NoKey","-","An action with no key on this device"
"Common.ListSeparator",", ","Between items of a list"
"Menu.Option","{Label}: {Value}","A setting or action with its current value"
"Menu.ResetToDefaults","Reset to defaults","Settings category option"
"Menu.ResetAllKeys","Reset all keys","Key remapping option"
"Menu.PlayClock","Play clock  {Seconds}","Play-call screens: seconds left to call a play"
"Menu.TeamOption","{Team}  ({Abbreviation})    OVR {Overall}   OFF {Offense}   DEF {Defense}    {Division}","Team select: OVR, OFF, DEF are overall, offense and defense ratings"
"Menu.TeamDetail","{Players} players, on average {Height} and {Weight}","Team select: roster size and the players' average height and weight"
"Remap.Prompt","Press the new key for {Action}. Back cancels.","Key remapping"
"Remap.Cancelled","Cancelled.","Key remapping"
"Remap.Done","{Action} is now {Key}.","Key remapping"
"Remap.Refused","That key can't be used.","Key remapping"
"Remap.RefusedBecause","{Reason}.","Key remapping: why a key was refused"
"Remap.AllReset","Every action is back on its usual keys.","Key remapping"
"Narration.Screen","{Title}. {Body}","Screen reader: a screen as it opens"
"Narration.Option","{Label}. {Detail}","Screen reader: an option as it takes focus"
"Caption.Line","{Speaker}: {Text}","A caption with its speaker"
"Settings.ValueWithUnit","{Value}{Unit}","A slider setting's value with its unit"
"Units.Kilograms","{Value} kg","A weight in kilograms"
"Units.Pounds","{Value} lb","A weight in pounds"
"Units.Centimeters","{Value} cm","A height in centimeters"
"Units.FeetInches","{Feet}' {Inches}""","A height in feet and inches"
"HUD.GameClock","{Minutes}:{Seconds}","The game clock"
"HUD.YardsGained","+{Yards} YARDS","Play result banner: yards gained (or none)"
"HUD.YardsLost","{Yards} YARDS","Play result banner: yards lost; Yards is negative, with its minus sign"
"HUD.Score","{Score}!","Play result banner: a score"
"HUD.Score.Touchdown","TOUCHDOWN","Score type"
"HUD.Score.FieldGoal","FIELD GOAL","Score type"
"HUD.Score.Safety","SAFETY","Score type"
"HUD.Score.ExtraPoint","EXTRA POINT","Score type"
"HUD.Score.TwoPointConversion","TWO-POINT CONVERSION","Score type"
"HUD.IncompletePass","INCOMPLETE PASS","Play result banner"
"HUD.Phase.PreSnap","Pre-snap","Play phase"
"HUD.Phase.Snap","Snap","Play phase"
"HUD.Phase.PassRush","Pass rush","Play phase"
"HUD.Phase.BallCarrierMovement","Ball carrier","Play phase"
"HUD.Phase.Scoring","Play over","Play phase: the play is being resolved"
"HUD.Phase.Kickoff","Kickoff","Play phase"
"HUD.Phase.Punt","Punt","Play phase"
"HUD.Phase.FieldGoal","Field goal","Play phase"
"Input.Context.World","Walking around","Where an input works"
"Input.Context.OnField","On the field","Where an input works"
"Input.Context.Menu","Menus","Where an input works"
"Input.Context.PreSnap","Before the snap, on offense","Where an input works"
"Input.Context.DefensePreSnap","Before the snap, on defense","Where an input works"
"Input.Context.Passing","Passing","Where an input works"
"Input.Context.BallCarrier","With the ball","Where an input works"
"Input.Context.Defense","On defense","Where an input works"
"Input.Context.Kicking","Kicking","Where an input works"
"Input.Action.Move","Move","Input action"
"Input.Action.Look","Look","Input action"
"Input.Action.Sprint","Sprint","Input action"
"Input.Action.Confirm","Confirm","Input action"
"Input.Action.Cancel","Back","Input action"
"Input.Action.Pause","Pause","Input action"
"Input.Action.Favorite","Favorite","Input action: mark a play as a favorite"
"Input.Action.SwitchPlayer","Switch player","Input action"
"Input.Action.Interact","Interact","Input action: talk to or use what you face"
"Input.Action.Secondary","Take over","Input action: take over what you face"
"Input.Action.ViewToggle","Change view","Input action: first or third person"
"Input.Action.Picker","Character picker","Input action"
"Input.Action.FilmView","Film view","Input action: step the camera through the all-22 coaches film views"
"Input.Action.PassTarget1","Throw to receiver 1","Input action: receivers are numbered left to right"
"Input.Action.PassTarget2","Throw to receiver 2","Input action"
"Input.Action.PassTarget3","Throw to receiver 3","Input action"
"Input.Action.PassTarget4","Throw to receiver 4","Input action"
"Input.Action.PassTarget5","Throw to receiver 5","Input action"
"Input.Action.PumpFake","Pump fake","Input action"
"Input.Action.Juke","Juke","Input action: ball carrier move"
"Input.Action.Spin","Spin","Input action: ball carrier move"
"Input.Action.Truck","Truck","Input action: ball carrier move, running over a tackler"
"Input.Action.StiffArm","Stiff-arm","Input action: ball carrier move"
"Input.Action.Hurdle","Hurdle","Input action: ball carrier move"
"Input.Action.Slide","Slide","Input action: ball carrier gives himself up"
"Input.Action.JumpSnap","Jump the snap","Input action: defender"
"Input.Action.Strip","Strip the ball","Input action: defender"
"Input.Action.Kick","Kick","Input action"
"Input.Action.Audible","Audible","Input action: change the play at the line"
"Input.Action.PreSnapSelect","Select receiver","Input action: before the snap"
"Input.Action.HotRoute","Hot route","Input action: change a receiver's route"
"Input.Action.Motion","Motion","Input action: send a receiver in motion"
"Input.Action.SlideProtection","Slide protection","Input action: slide the offensive line"
"Input.Action.BlockRelease","Block or release","Input action: keep a back in to block or send him out"
"Input.Action.Tempo","Tempo","Input action: huddle, no-huddle or hurry-up"
"Input.Action.Timeout","Timeout","Input action"
"Input.Action.PickPlayerLeft","Pick player to the left","Input action: before the snap, take control of the next player to your left"
"Input.Action.PickPlayerRight","Pick player to the right","Input action: before the snap, take control of the next player to your right"
